<metadata xml:lang="en"><Esri><CreaDate>20230425</CreaDate><CreaTime>16471100</CreaTime><ArcGISFormat>1.0</ArcGISFormat><SyncOnce>FALSE</SyncOnce><DataProperties><lineage><Process ToolSource="c:\program files\arcgis\pro\Resources\ArcToolbox\toolboxes\Conversion Tools.tbx\RasterToPolygon" Date="20230425" Time="164711">RasterToPolygon SetNull_NOAASLR_1m "C:\Users\warem\Documents\Research\North Carolina\North Carolina GIS\North Carolina GIS.gdb\Shoreline_Poly_NOAASLR" SIMPLIFY Value SINGLE_OUTER_PART #</Process><Process ToolSource="c:\program files\arcgis\pro\Resources\ArcToolbox\toolboxes\Data Management Tools.tbx\EliminatePolygonPart" Date="20230425" Time="165609">EliminatePolygonPart Shorelines\Shoreline_Poly_NOAASLR "C:\Users\warem\Documents\Research\North Carolina\North Carolina GIS\North Carolina GIS.gdb\Shoreline_Poly_NOAASLR_NoHoles" Area "1000 SquareMeters" 0 CONTAINED_ONLY</Process><Process ToolSource="c:\program files\arcgis\pro\Resources\ArcToolbox\toolboxes\Cartography Tools.tbx\SmoothPolygon" Date="20230425" Time="165909">SmoothPolygon Shoreline_Poly_NOAASLR_NoHoles "C:\Users\warem\Documents\Research\North Carolina\North Carolina GIS\North Carolina GIS.gdb\Shoreline_Poly_NOAASLR_Smooth" "Polynomial Approximation with Exponential Kernel (PAEK)" "100 Meters" FIXED_ENDPOINT "Do not check for topological errors" #</Process><Process ToolSource="c:\program files\arcgis\pro\Resources\ArcToolbox\toolboxes\Data Management Tools.tbx\EliminatePolygonPart" Date="20230425" Time="170401">EliminatePolygonPart Shoreline_Poly_NOAASLR_Smooth "C:\Users\warem\Documents\Research\North Carolina\North Carolina GIS\North Carolina GIS.gdb\Shoreline_Poly_NOAASLR_NoHolesv2" Area "100000 SquareMeters" 0 CONTAINED_ONLY</Process><Process ToolSource="c:\program files\arcgis\pro\Resources\ArcToolbox\toolboxes\Analysis Tools.tbx\PairwiseDissolve" Date="20230425" Time="170753">PairwiseDissolve Shoreline_Poly_NOAASLR_NoHolesv2 "C:\Users\warem\Documents\Research\North Carolina\North Carolina GIS\North Carolina GIS.gdb\Shoreline_Poly_NOAASLR" # # MULTI_PART #</Process><Process ToolSource="c:\program files\arcgis\pro\Resources\ArcToolbox\toolboxes\Data Management Tools.tbx\Rename" Date="20230425" Time="171057">Rename "C:\Users\warem\Documents\Research\North Carolina\North Carolina GIS\North Carolina GIS.gdb\Shoreline_Poly_NOAASLR" "C:\Users\warem\Documents\Research\North Carolina\North Carolina GIS\North Carolina GIS.gdb\MLLW_Poly_NOAASLR" FeatureClass</Process><Process ToolSource="c:\program files\arcgis\pro\Resources\ArcToolbox\toolboxes\Data Management Tools.tbx\Rename" Date="20230425" Time="171354">Rename "C:\Users\warem\Documents\Research\North Carolina\North Carolina GIS\North Carolina GIS.gdb\MLLW_Poly_NOAASLR" "C:\Users\warem\Documents\Research\North Carolina\North Carolina GIS\North Carolina GIS.gdb\MLLW_Poly_NOAASLR_BHIWright" FeatureClass</Process><Process ToolSource="c:\program files\arcgis\pro\Resources\ArcToolbox\toolboxes\Analysis Tools.tbx\PairwiseDissolve" Date="20230426" Time="162135">PairwiseDissolve Shorelines\MLLW_Poly_NOAASLR_BHIWright "C:\Users\warem\Documents\Research\North Carolina\North Carolina GIS\North Carolina GIS.gdb\MLLW_Poly_NOAASLR_BHIWright_v2" # # MULTI_PART #</Process><Process ToolSource="c:\program files\arcgis\pro\Resources\ArcToolbox\toolboxes\Data Management Tools.tbx\Rename" Date="20230426" Time="162338">Rename "C:\Users\warem\Documents\Research\North Carolina\North Carolina GIS\North Carolina GIS.gdb\MLLW_Poly_NOAASLR_BHIWright_v2" "C:\Users\warem\Documents\Research\North Carolina\North Carolina GIS\North Carolina GIS.gdb\MLLW_Poly_NOAASLR_BHIWright" FeatureClass</Process><Process ToolSource="c:\program files\arcgis\pro\Resources\ArcToolbox\toolboxes\Data Management Tools.tbx\Merge" Date="20230426" Time="162756">Merge Shorelines\MLLW_Poly_NOAASLR_BHIWright;Shorelines\MLLW_Poly_CoNED_BHIWright;Shorelines\MLLW_Poly_CUDEM_BHIWright;Shorelines\MLLW_Poly_DEMMin_1m_BHIWright;Shorelines\MLLW_Poly_DEMMax_1m_BHIWright "C:\Users\warem\Documents\Research\North Carolina\North Carolina GIS\North Carolina GIS.gdb\MLLW_Poly_Merged_1m_BHIWright" # NO_SOURCE_INFO</Process><Process ToolSource="c:\program files\arcgis\pro\Resources\ArcToolbox\toolboxes\Analysis Tools.tbx\PairwiseDissolve" Date="20230426" Time="162858">PairwiseDissolve MLLW_Poly_Merged_1m_BHIWright "C:\Users\warem\Documents\Research\North Carolina\North Carolina GIS\North Carolina GIS.gdb\MLLW_Poly_Merged_1m_BHIWright_v2" # # MULTI_PART #</Process><Process ToolSource="c:\program files\arcgis\pro\Resources\ArcToolbox\toolboxes\Data Management Tools.tbx\Rename" Date="20230426" Time="163027">Rename "C:\Users\warem\Documents\Research\North Carolina\North Carolina GIS\North Carolina GIS.gdb\MLLW_Poly_Merged_1m_BHIWright_v2" "C:\Users\warem\Documents\Research\North Carolina\North Carolina GIS\North Carolina GIS.gdb\MLLW_Poly_Merged_1m_BHIWright" FeatureClass</Process><Process ToolSource="c:\program files\arcgis\pro\Resources\ArcToolbox\toolboxes\Conversion Tools.tbx\ExportFeatures" Date="20230516" Time="165313">ExportFeatures "Barrier Island Masks\Bald Head - Wrightsville 1m MLLW Mask" "C:\Users\warem\Documents\Research\North Carolina\North Carolina GIS\LandMask_BHIWright.shp" # NOT_USE_ALIAS "Shape_Length "Shape_Length" false true true 8 Double 0 0,First,#,Barrier Island Masks\Bald Head - Wrightsville 1m MLLW Mask,Shape_Length,-1,-1;Shape_Area "Shape_Area" false true true 8 Double 0 0,First,#,Barrier Island Masks\Bald Head - Wrightsville 1m MLLW Mask,Shape_Area,-1,-1" #</Process></lineage><itemProps><itemName Sync="TRUE">LandMask_BHIWright</itemName><imsContentType Sync="TRUE">002</imsContentType><itemLocation><linkage Sync="TRUE">file://\\7Q6PGT3\C$\Users\warem\Documents\Research\North Carolina\North Carolina GIS\LandMask_BHIWright.shp</linkage><protocol Sync="TRUE">Local Area Network</protocol></itemLocation><itemSize Sync="TRUE">0.000</itemSize></itemProps><coordRef><type Sync="TRUE">Projected</type><geogcsn Sync="TRUE">GCS_North_American_1983</geogcsn><csUnits Sync="TRUE">Linear Unit: Meter (1.000000)</csUnits><projcsn Sync="TRUE">NAD_1983_StatePlane_North_Carolina_FIPS_3200</projcsn><peXml Sync="TRUE">&lt;ProjectedCoordinateSystem xsi:type='typens:ProjectedCoordinateSystem' xmlns:xsi='http://www.w3.org/2001/XMLSchema-instance' xmlns:xs='http://www.w3.org/2001/XMLSchema' xmlns:typens='http://www.esri.com/schemas/ArcGIS/3.1.0'&gt;&lt;WKT&gt;PROJCS[&amp;quot;NAD_1983_StatePlane_North_Carolina_FIPS_3200&amp;quot;,GEOGCS[&amp;quot;GCS_North_American_1983&amp;quot;,DATUM[&amp;quot;D_North_American_1983&amp;quot;,SPHEROID[&amp;quot;GRS_1980&amp;quot;,6378137.0,298.257222101]],PRIMEM[&amp;quot;Greenwich&amp;quot;,0.0],UNIT[&amp;quot;Degree&amp;quot;,0.0174532925199433]],PROJECTION[&amp;quot;Lambert_Conformal_Conic&amp;quot;],PARAMETER[&amp;quot;False_Easting&amp;quot;,609601.22],PARAMETER[&amp;quot;False_Northing&amp;quot;,0.0],PARAMETER[&amp;quot;Central_Meridian&amp;quot;,-79.0],PARAMETER[&amp;quot;Standard_Parallel_1&amp;quot;,34.33333333333334],PARAMETER[&amp;quot;Standard_Parallel_2&amp;quot;,36.16666666666666],PARAMETER[&amp;quot;Latitude_Of_Origin&amp;quot;,33.75],UNIT[&amp;quot;Meter&amp;quot;,1.0],AUTHORITY[&amp;quot;EPSG&amp;quot;,32119]],VERTCS[&amp;quot;NAVD_1988&amp;quot;,VDATUM[&amp;quot;North_American_Vertical_Datum_1988&amp;quot;],PARAMETER[&amp;quot;Vertical_Shift&amp;quot;,0.0],PARAMETER[&amp;quot;Direction&amp;quot;,1.0],UNIT[&amp;quot;Meter&amp;quot;,1.0],AUTHORITY[&amp;quot;EPSG&amp;quot;,5703]]&lt;/WKT&gt;&lt;XOrigin&gt;-37137500&lt;/XOrigin&gt;&lt;YOrigin&gt;-28547400&lt;/YOrigin&gt;&lt;XYScale&gt;119309817.90311031&lt;/XYScale&gt;&lt;ZOrigin&gt;-100000&lt;/ZOrigin&gt;&lt;ZScale&gt;10000&lt;/ZScale&gt;&lt;MOrigin&gt;-100000&lt;/MOrigin&gt;&lt;MScale&gt;10000&lt;/MScale&gt;&lt;XYTolerance&gt;0.001&lt;/XYTolerance&gt;&lt;ZTolerance&gt;0.001&lt;/ZTolerance&gt;&lt;MTolerance&gt;0.001&lt;/MTolerance&gt;&lt;HighPrecision&gt;true&lt;/HighPrecision&gt;&lt;WKID&gt;32119&lt;/WKID&gt;&lt;LatestWKID&gt;32119&lt;/LatestWKID&gt;&lt;VCSWKID&gt;5703&lt;/VCSWKID&gt;&lt;LatestVCSWKID&gt;5703&lt;/LatestVCSWKID&gt;&lt;/ProjectedCoordinateSystem&gt;</peXml></coordRef></DataProperties><SyncDate>20230516</SyncDate><SyncTime>16531300</SyncTime><ModDate>20230516</ModDate><ModTime>16531300</ModTime></Esri><dataIdInfo><envirDesc Sync="TRUE">Microsoft Windows 10 Version 10.0 (Build 19044) ; Esri ArcGIS 13.1.0.41833</envirDesc><dataLang><languageCode value="eng" Sync="TRUE"></languageCode><countryCode value="USA" Sync="TRUE"></countryCode></dataLang><idCitation><resTitle Sync="TRUE">LandMask_BHIWright</resTitle><presForm><PresFormCd value="005" Sync="TRUE"></PresFormCd></presForm></idCitation><spatRpType><SpatRepTypCd value="001" Sync="TRUE"></SpatRepTypCd></spatRpType></dataIdInfo><mdLang><languageCode value="eng" Sync="TRUE"></languageCode><countryCode value="USA" Sync="TRUE"></countryCode></mdLang><distInfo><distFormat><formatName Sync="TRUE">Shapefile</formatName></distFormat><distTranOps><transSize Sync="TRUE">0.000</transSize></distTranOps></distInfo><mdHrLv><ScopeCd value="005" Sync="TRUE"></ScopeCd></mdHrLv><mdHrLvName Sync="TRUE">dataset</mdHrLvName><refSysInfo><RefSystem><refSysID><identCode code="32119" Sync="TRUE"></identCode><idCodeSpace Sync="TRUE">EPSG</idCodeSpace><idVersion Sync="TRUE">4.2(3.0.1)</idVersion></refSysID></RefSystem></refSysInfo><spatRepInfo><VectSpatRep><geometObjs Name="LandMask_BHIWright"><geoObjTyp><GeoObjTypCd value="002" Sync="TRUE"></GeoObjTypCd></geoObjTyp><geoObjCnt Sync="TRUE">0</geoObjCnt></geometObjs><topLvl><TopoLevCd value="001" Sync="TRUE"></TopoLevCd></topLvl></VectSpatRep></spatRepInfo><spdoinfo><ptvctinf><esriterm Name="LandMask_BHIWright"><efeatyp Sync="TRUE">Simple</efeatyp><efeageom code="4" Sync="TRUE"></efeageom><esritopo Sync="TRUE">FALSE</esritopo><efeacnt Sync="TRUE">0</efeacnt><spindex Sync="TRUE">FALSE</spindex><linrefer Sync="TRUE">FALSE</linrefer></esriterm></ptvctinf></spdoinfo><eainfo><detailed Name="LandMask_BHIWright"><enttyp><enttypl Sync="TRUE">LandMask_BHIWright</enttypl><enttypt Sync="TRUE">Feature Class</enttypt><enttypc Sync="TRUE">0</enttypc></enttyp><attr><attrlabl Sync="TRUE">FID</attrlabl><attalias Sync="TRUE">FID</attalias><attrtype Sync="TRUE">OID</attrtype><attwidth Sync="TRUE">4</attwidth><atprecis Sync="TRUE">0</atprecis><attscale Sync="TRUE">0</attscale><attrdef Sync="TRUE">Internal feature number.</attrdef><attrdefs Sync="TRUE">Esri</attrdefs><attrdomv><udom Sync="TRUE">Sequential unique whole numbers that are automatically generated.</udom></attrdomv></attr><attr><attrlabl Sync="TRUE">Shape</attrlabl><attalias Sync="TRUE">Shape</attalias><attrtype Sync="TRUE">Geometry</attrtype><attwidth Sync="TRUE">0</attwidth><atprecis Sync="TRUE">0</atprecis><attscale Sync="TRUE">0</attscale><attrdef Sync="TRUE">Feature geometry.</attrdef><attrdefs Sync="TRUE">Esri</attrdefs><attrdomv><udom Sync="TRUE">Coordinates defining the features.</udom></attrdomv></attr><attr><attrlabl Sync="TRUE">Shape_Leng</attrlabl><attalias Sync="TRUE">Shape_Leng</attalias><attrtype Sync="TRUE">Double</attrtype><attwidth Sync="TRUE">19</attwidth><atprecis Sync="TRUE">0</atprecis><attscale Sync="TRUE">0</attscale></attr><attr><attrlabl Sync="TRUE">Shape_Area</attrlabl><attalias Sync="TRUE">Shape_Area</attalias><attrtype Sync="TRUE">Double</attrtype><attwidth Sync="TRUE">19</attwidth><atprecis Sync="TRUE">0</atprecis><attscale Sync="TRUE">0</attscale><attrdef Sync="TRUE">Area of feature in internal units squared.</attrdef><attrdefs Sync="TRUE">Esri</attrdefs><attrdomv><udom Sync="TRUE">Positive real numbers that are automatically generated.</udom></attrdomv></attr></detailed></eainfo><mdDateSt Sync="TRUE">20230516</mdDateSt></metadata>
